City,Lat,Lng,Max Temp,Humidity,Cloudiness,Wind Speed,Country,Date
Kamaishi,39.2667,141.8833,54.55,50,69,11.32,JP,1634935798
Mar del Plata,-38.0023,-57.5575,55.99,91,90,1.01,AR,1634979200
Mardin,37.3131,40.7436,55.51,38,0,2.3,TR,1634959942
Puerto Ayora,-0.7393,-90.3518,69.96,86,37,7.0,EC,1634902902
Cabo San Lucas,22.8909,-109.9124,78.62,81,1,5.99,MX,1634908767
Ushuaia,-54.8,-68.3,38.86,93,75,32.21,AR,1634979833
Seybaplaya,19.65,-90.6667,76.73,87,100,7.9,MX,1634903974
Petatlán,17.5167,-101.2667,74.82,94,96,3.29,MX,1634906408
Galeana,24.8333,-100.0667,57.51,86,40,1.92,MX,1634906511
Hobart,-42.8794,147.3294,54.27,90,90,8.05,AU,1634929638
Chui,-33.6971,-53.4616,57.69,71,100,6.11,UY,1634978557
Vaini,-21.2,-175.2,77.16,78,40,11.5,TO,1635008575
Puerto El Triunfo,13.2833,-88.55,77.16,89,100,5.37,SV,1634903142
Qaanaaq,77.484,-69.3632,-0.26,63,0,8.39,GL,1634998503
Avarua,-21.2078,-159.775,73.45,60,20,5.75,CK,1634918517
Sinnamary,5.3833,-52.95,78.13,88,95,10.54,GF,1634980617
Pierre,44.3683,-100.351,42.85,81,1,4.0,US,1634907936
Nikolskoye,59.7035,30.7861,41.88,86,99,10.56,RU,1634964898
Ulladulla,-35.35,150.4667,84.78,44,40,3.51,AU,1634929529
Bluff,-46.6,168.3333,56.14,70,97,12.5,NZ,1634924221
Punta Arenas,-53.15,-70.9167,39.11,86,47,30.36,CL,1634980720
Tuktoyaktuk,69.4541,-133.0374,33.8,100,90,11.5,CA,1634920404
Kapaa,22.0752,-159.319,80.58,84,90,1.99,US,1634920584
Vijayapuri,11.2333,77.5,78.26,79,100,4.9,IN,1634949595
Tabou,4.423,-7.3528,76.5,88,44,6.33,CI,1634969626
Suruç,36.9761,38.425,61.0,23,0,5.06,TR,1634960474
Bredasdorp,-34.5322,20.0403,57.27,82,100,11.5,ZA,1634960868
Lorengau,-2.0226,147.2712,84.15,71,77,8.43,PG,1634932207
Baharly,38.4362,57.4316,54.14,27,0,13.69,TM,1634956018
Provideniya,64.3833,-173.3,26.26,75,100,8.43,RU,1635015028
Arraial do Cabo,-22.9661,-42.0278,68.32,82,1,13.42,BR,1634976525
Mataura,-46.1927,168.8643,70.36,43,96,3.04,NZ,1634924138
Terney,45.0503,136.6092,52.97,45,6,8.21,RU,1634937555
Hong Kong,22.2855,114.1577,70.32,74,65,3.0,HK,1634941368
Homer,59.6425,-151.5483,41.81,87,90,5.75,US,1634922174
Tiksi,71.6872,128.8694,4.71,94,100,2.33,RU,1634945084
Neuquén,-38.9516,-68.0591,55.29,50,0,2.3,AR,1634981637
Paamiut,61.994,-49.6678,34.16,62,4,24.47,GL,1634984711
Caravelas,-17.7125,-39.2481,73.27,86,97,5.86,BR,1634976160
Boyolangu,-8.1181,111.8935,87.31,60,100,6.44,ID,1634940398
Lebu,-37.6167,-73.65,50.32,67,69,15.73,CL,1634983091
Rikitea,-23.1203,-134.9692,74.16,84,7,19.75,PF,1634912456
Belaya Gora,68.5333,146.4167,-4.36,90,58,0.69,RU,1634939427
Khatanga,71.9667,102.5,6.3,91,99,13.06,RU,1634951592
São Gabriel da Cachoeira,-0.1303,-67.0892,74.26,86,35,1.1,BR,1634897349
Carnarvon,-24.8667,113.6333,77.07,57,0,21.85,AU,1634939073
Esmeraldas,-19.7625,-44.3139,68.86,87,0,7.16,BR,1634977260
Albany,42.6001,-73.9662,46.15,83,36,1.99,US,1634901444
Airai,-8.9266,125.4092,80.83,41,53,2.17,TL,1634937115
Jamestown,42.097,-79.2353,45.72,91,90,3.0,US,1634902667
Mâncio Lima,-7.6142,-72.8958,74.82,86,33,3.04,BR,1634898383
Sitka,57.0531,-135.33,46.29,71,90,12.66,US,1634917834
Katsuura,35.1333,140.3,64.51,43,2,18.14,JP,1634935876
Busselton,-33.65,115.3333,65.98,53,0,6.76,AU,1634938081
Saint-Philippe,-21.3585,55.7679,81.48,80,36,8.23,RE,1634953161
Tual,-5.6667,132.75,83.93,71,47,10.18,ID,1634935515
Tottori-shi,35.5,134.2333,62.67,39,20,16.11,JP,1634937359
Fairbanks,64.8378,-147.7164,34.61,82,20,3.44,US,1634922404
Biak,-0.9131,122.8766,85.15,62,89,4.94,ID,1634938115
Tengzhou,35.0771,117.1518,62.29,37,78,5.39,CN,1634941431
Neiafu,-18.65,-173.9833,79.48,57,40,10.36,TO,1635008430
Butaritari,3.0707,172.7902,82.51,75,88,17.9,KI,1634926328
Yangi Marg`ilon,40.4272,71.7189,44.02,61,17,4.61,UZ,1634952742
Oussouye,12.485,-16.5469,82.49,83,50,4.59,SN,1634972231
Gold Coast,-28.0,153.4333,88.9,73,3,5.01,AU,1634929331
Urengoy,65.9667,78.3667,28.02,91,100,10.47,RU,1634954938
Kutulik,53.3508,102.7839,42.44,49,35,12.97,RU,1634946595
Musoma,-1.5,33.8,70.43,76,71,4.65,TZ,1634959462
Pokosnoye,55.5258,101.0536,38.46,89,91,9.6,RU,1634947313
Ribeira Grande,38.5167,-28.7,68.41,77,44,15.7,PT,1634976711
Kenai,60.5544,-151.2583,41.14,85,90,9.22,US,1634922277
Mahébourg,-20.4081,57.7,76.24,94,75,16.11,MU,1634952751
Oruzgan,32.8333,66.0,52.99,13,0,6.67,AF,1634953563
Natchez,31.5604,-91.4032,63.9,91,1,0.0,US,1634904831
Kuril'sk,45.2333,147.8833,46.51,62,85,6.04,RU,1634934863
Isangel,-19.55,169.2667,84.31,74,20,8.05,VU,1634926036
Hithadhoo,-0.6,73.0833,82.49,72,100,11.86,MV,1634950079
Mitrofanovka,49.9708,39.6939,48.54,73,99,4.68,RU,1634961343
Saint Paul Harbor,57.79,-152.4072,40.69,82,100,14.29,US,1634922057
Abéché,13.8292,20.8324,81.68,22,74,18.81,TD,1634963327
Kokstad,-30.5472,29.4241,53.1,43,35,4.34,ZA,1634958904
Nipawin,53.3668,-104.0009,35.64,87,90,11.5,CA,1634909778
Tasiilaq,65.6145,-37.6368,32.16,93,100,10.04,GL,1634982741
Cape Town,-33.9258,18.4232,57.88,85,75,5.01,ZA,1634961301
Kavieng,-2.5744,150.7967,85.28,68,19,12.66,PG,1634931335
Hambantota,6.1241,81.1185,84.54,79,20,8.05,LK,1634948476
Guerrero Negro,27.9769,-114.0611,66.52,81,0,14.16,MX,1634910052
Hermanus,-34.4187,19.2345,57.79,82,100,21.52,ZA,1634961070
Søgne,58.0833,7.8167,44.69,60,9,21.77,NO,1634970129
Longyearbyen,78.2186,15.6401,19.24,86,40,1.14,SJ,1634979469
Nikita,44.5333,34.2333,47.73,67,93,8.59,UA,1634962100
Matangad,8.5769,124.37,83.77,75,99,5.93,PH,1634938215
Talnakh,69.4865,88.3972,27.05,96,100,8.34,RU,1634953773
Comodoro Rivadavia,-45.8667,-67.5,55.26,35,100,40.29,AR,1634980834
Yakeshi,49.2833,120.7333,43.09,49,6,11.86,CN,1634941795
Aasiaat,68.7098,-52.8699,16.16,96,100,12.68,GL,1634987460
Taree,-31.9,152.4667,93.06,58,16,9.22,AU,1634929301
Lata,40.1629,-8.3327,49.06,71,2,4.05,PT,1634971948
Mahanje,-9.9333,35.3333,65.12,71,57,3.29,TZ,1634958677
Aksarka,66.5606,67.7975,26.74,94,100,8.57,RU,1634957663
Mugan,35.9404,101.3842,52.75,44,1,3.13,CN,1634945279
Dikson,73.5069,80.5464,13.12,89,95,19.48,RU,1634957866
Hilo,19.7297,-155.09,74.93,92,90,0.0,US,1634919443
Takoradze,4.8845,-1.7554,76.95,89,100,6.26,GH,1634968306
New Norfolk,-42.7826,147.0587,53.92,77,100,2.1,AU,1634929713
Marabu,4.4148,114.0089,84.34,74,40,4.61,MY,1634940500
Atambua,-9.1061,124.8925,87.37,57,27,6.91,ID,1634937230
Sheffield,53.383,-1.4659,50.09,89,50,5.32,GB,1634971652
Püspökladány,47.3167,21.1167,44.58,65,5,10.67,HU,1634965521
Yellowknife,62.456,-114.3525,42.42,71,20,19.57,CA,1634913799
Kahului,20.8947,-156.47,80.62,74,20,21.85,US,1634919837
Benjamin Constant,-4.3831,-70.0311,77.13,97,92,0.72,BR,1634897852
Kieta,-6.2167,155.6333,85.12,69,26,8.84,PG,1634929997
Esim,4.8699,-2.2405,77.76,84,100,5.39,GH,1634968421
Sattenapalle,16.4,80.1833,83.59,61,36,5.12,IN,1634949211
Iqaluit,63.7506,-68.5145,26.33,86,90,8.01,CA,1634903077
Ashland,40.8167,-82.2665,47.59,89,100,3.09,US,1634903291
Kifrī,34.6959,44.9661,69.49,24,0,5.46,IQ,1634958740
Barrow,71.2906,-156.7887,30.22,86,90,9.22,US,1634926969
Ambovombe,-25.1667,46.0833,68.14,80,100,8.28,MG,1634955257
Lavrentiya,65.5833,-171.0,24.62,84,100,11.12,RU,1635014814
Sirte,31.2089,16.5887,73.96,42,70,16.82,LY,1634965322
Lagoa,39.05,-27.9833,67.46,73,58,15.37,PT,1634976580
Zhuanghe,39.7008,122.9911,57.54,31,0,4.07,CN,1634940370
Gewanē,10.1664,40.6453,79.45,45,9,5.23,ET,1634958388
Kassala,15.451,36.4,81.97,33,5,5.21,SD,1634959673
Kiryat Gat,31.61,34.7642,67.41,69,0,2.89,IL,1634960983
Bethel,41.3712,-73.414,59.36,71,75,3.44,US,1634901210
Padang,-0.9492,100.3543,84.25,70,72,4.25,ID,1634943518
Broken Hill,-31.95,141.4333,71.31,30,83,19.57,AU,1634931944
Coquimbo,-29.9533,-71.3436,55.13,82,0,2.3,CL,1634983112
Chokurdakh,70.6333,147.9167,-11.83,99,97,2.89,RU,1634939958
Aného,6.2333,1.6,77.2,85,99,8.01,TG,1634967566
Japura,-0.3167,102.35,91.31,56,35,1.54,ID,1634943070
Cidreira,-30.1811,-50.2056,64.63,90,0,11.36,BR,1634978027
Atuona,-9.8,-139.0333,77.97,79,25,17.67,PF,1634914144
Eurajoki,61.2,21.7333,33.82,85,100,12.39,FI,1634967372
Buala,-8.145,159.5921,85.6,67,23,8.34,SB,1634928952
Bull Savanna,17.8868,-77.5902,76.48,87,91,7.67,JM,1634900743
Ilulissat,69.2167,-51.1,17.62,53,99,16.11,GL,1634987239
Ancud,-41.8697,-73.8203,46.42,86,98,8.59,CL,1634982755
Port Blair,11.6667,92.75,77.29,86,100,9.08,IN,1634945956
Kawalu,-7.3817,108.2082,85.95,62,98,4.41,ID,1634941319
Ipixuna,-1.7625,-48.8043,78.75,92,96,2.75,BR,1634979272
Olinda,-8.0089,-34.8553,80.33,78,20,5.75,BR,1634975615
Chicama,-7.8447,-79.1469,59.54,85,98,6.17,PE,1634899871
Vyartsilya,62.1764,30.693,33.93,93,100,11.18,RU,1634965427
Pevek,69.7008,170.3133,12.42,91,100,6.51,RU,1634934144
Monrovia,6.3005,-10.7969,76.77,92,100,3.67,LR,1634970545
Donskoy,53.9711,38.3363,40.78,70,65,14.27,RU,1634962166
Calabozo,8.9242,-67.4293,75.52,85,64,6.8,VE,1634897861
Marawi,7.9986,124.2928,75.65,78,100,4.12,PH,1634938205
Khovd,48.0056,91.6419,44.04,30,100,1.19,MN,1634948648
Arrondissement de Sedan,49.6667,5.0,45.72,86,99,1.66,FR,1634969644
Ngunguru,-35.6167,174.5,61.16,94,100,23.0,NZ,1634923745
Itoman,26.1247,127.6694,77.4,55,75,17.27,JP,1634938340
Taltal,-25.4,-70.4833,56.16,81,29,0.65,CL,1634983203
Shestakovo,56.4915,103.96,44.62,59,89,7.25,RU,1634946760
Shubarshi,48.5872,57.1869,50.88,89,53,16.8,KZ,1634956987
East London,-33.0153,27.9116,58.14,82,0,3.44,ZA,1634959093
Upernavik,72.7868,-56.1549,21.51,79,100,4.16,GL,1634990317
Castro,-24.7911,-50.0119,54.18,78,0,3.85,BR,1634978330
Baghmara,23.795,86.2085,79.34,54,0,1.9,IN,1634948162
Vila Franca do Campo,37.7167,-25.4333,66.61,85,78,6.38,PT,1634975865
Mayumba,-3.432,10.6554,76.89,86,100,5.21,GA,1634964922
George Town,5.4112,100.3354,87.73,74,20,3.0,MY,1634943829
Eydhafushi,5.1033,73.0708,81.16,79,87,12.88,MV,1634950358
Visnes,59.3556,5.2242,45.82,70,20,9.22,NO,1634970979
Port Alfred,-33.5906,26.891,63.75,68,35,8.21,ZA,1634959295
Zhigansk,66.7697,123.3711,19.67,95,91,5.46,RU,1634944359
Rawson,-43.3002,-65.1023,57.45,40,50,22.03,AR,1634980527
Praia da Vitória,38.7333,-27.0667,67.75,82,40,7.96,PT,1634976335
Nabire,-3.3667,135.4833,85.08,63,93,4.5,ID,1634934971
Torbay,47.6666,-52.7314,52.75,87,90,8.05,CA,1634983299
Lompoc,34.6391,-120.4579,62.78,92,90,11.5,US,1634912010
Solnechnyy,50.7214,136.6319,43.7,64,98,2.91,RU,1634938137
Faya,18.3851,42.4509,55.92,34,90,5.68,SA,1634958373
Hasaki,35.7333,140.8333,63.0,49,8,15.1,JP,1634935790
Saint-Augustin,51.226,-58.6502,43.5,66,100,15.12,CA,1634898617
Alice Springs,-23.7,133.8833,85.55,19,0,16.11,AU,1634934286
Inyonga,-6.7167,32.0667,70.75,50,81,3.15,TZ,1634959622
Lloydminster,53.2835,-110.0016,44.28,52,90,27.63,CA,1634911209
Maromitsa,59.8683,48.0123,39.63,75,95,12.59,RU,1634960788
Kindu,-2.95,25.95,67.82,98,98,1.43,CD,1634961275
Brazzaville,-4.2658,15.2832,75.51,100,20,3.44,CG,1634963770
Drumheller,51.4617,-112.7101,56.53,44,100,14.97,CA,1634911634
Priyutnoye,46.1011,43.5072,49.66,79,0,6.4,RU,1634960020
Jardim,-21.4803,-56.1381,79.7,46,57,7.09,BR,1634893641
Campoverde,-8.4753,-74.8058,82.09,67,56,1.68,PE,1634898799
Hajnówka,52.7433,23.5812,41.02,80,89,3.0,PL,1634965549
Hobyo,5.3505,48.5268,80.2,74,21,4.27,SO,1634956261
Sinjār,36.3209,41.8754,64.99,23,0,8.32,IQ,1634959597
Jumla,29.2747,82.1838,60.42,61,5,4.14,NP,1634949450
Skibbereen,51.55,-9.2667,53.4,78,100,18.61,IE,1634973293
Mata,40.683,-7.4592,43.75,81,0,5.23,PT,1634971781
Suoyarvi,62.0833,32.35,33.46,95,100,9.86,RU,1634965008
Sobolevo,54.4299,31.8996,41.31,84,93,17.74,RU,1634963777
Korla,41.7597,86.1469,59.83,23,100,13.22,CN,1634949386
Pacific Grove,36.6177,-121.9166,59.11,89,90,3.0,US,1634912498
Tuatapere,-46.1333,167.6833,64.44,56,96,5.68,NZ,1634924427
North Bend,43.4065,-124.2243,55.85,94,90,6.91,US,1634913585
Saskylakh,71.9167,114.0833,-11.07,100,94,2.66,RU,1634948773
Bosaso,11.2842,49.1816,78.78,60,91,6.11,SO,1634956394
Praia,14.9215,-23.5087,79.34,53,0,10.36,CV,1634974026
Cherskiy,68.75,161.3,-3.62,100,99,3.36,RU,1634935927
Mosquera,4.7059,-74.2302,57.29,94,75,4.61,CO,1634899292
Leningradskiy,69.3833,178.4167,3.2,86,53,9.22,RU,1634932060
Cockburn Town,21.4612,-71.1419,83.39,75,66,19.62,TC,1634899382
Uyemskiy,64.4743,40.8524,30.25,93,75,4.47,RU,1634963542
Hermsdorf,50.9,11.8667,41.58,86,32,9.84,DE,1634968137
Winneba,5.3511,-0.6231,79.27,91,90,5.3,GH,1634968057
Port Elizabeth,-33.918,25.5701,63.1,63,0,6.91,ZA,1634959588
Nantucket,41.2835,-70.0995,62.71,86,1,8.05,US,1634900406
Acapulco de Juárez,16.8634,-99.8901,76.01,91,100,11.92,MX,1634906044
Ishinomaki,38.4167,141.3,57.2,65,53,20.58,JP,1634935874
Kayerkan,69.3497,87.7602,28.0,95,100,8.97,RU,1634953869
Moranbah,-22.0016,148.0466,97.79,22,43,14.58,AU,1634930988
Aquidauana,-20.4711,-55.7872,79.7,46,31,4.43,BR,1634893613
Deputatsky,69.3,139.9,0.64,96,96,0.31,RU,1634941298
Camacha,33.0833,-16.3333,65.62,68,75,8.05,PT,1634973351
Tura,25.5198,90.2201,77.7,56,0,0.72,IN,1634947297
Lalibela,12.0333,39.0333,54.19,70,31,7.23,ET,1634958868
Along,28.1667,94.7667,79.47,53,19,1.21,IN,1634946361
Labuhan,-6.8844,112.2051,89.8,54,66,6.85,ID,1634940385
Petropavlovsk-Kamchatskiy,53.0452,158.6483,39.79,65,75,4.47,RU,1634933131
Sørland,67.667,12.6934,40.86,53,95,7.02,NO,1634971292
San Patricio,28.017,-97.5169,80.46,79,97,8.95,US,1634906082
Pangnirtung,66.1451,-65.7125,25.47,63,92,7.94,CA,1634903046
Nurota,40.5614,65.6886,37.49,35,0,7.11,UZ,1634954202
Westport,41.1415,-73.3579,61.32,69,90,5.99,US,1634901178
Chumikan,54.7183,135.315,44.2,63,88,21.81,RU,1634938963
Sisimiut,66.9395,-53.6735,20.75,74,32,9.37,GL,1634987013
Kang,-23.6752,22.7876,63.32,19,0,2.06,BW,1634960936
Najrān,17.4924,44.1277,61.45,30,94,1.14,SA,1634957923
Mount Gambier,-37.8333,140.7667,57.11,72,75,13.8,AU,1634931659
Saint Anthony,45.0205,-93.218,42.04,71,90,5.75,US,1634906281
Zambezi,-13.5432,23.1047,67.32,81,52,3.36,ZM,1634961425
Dingle,10.9995,122.6711,83.07,80,65,11.25,PH,1634938741
Bachaquero,9.9694,-71.1494,78.51,84,15,4.43,VE,1634898804
Bose,45.4612,8.0137,51.22,75,0,4.63,IT,1634968485
Nemuro,43.3236,145.575,50.43,82,99,11.79,JP,1634935245
Quatre Cocos,-20.2078,57.7625,76.08,76,48,14.38,MU,1634952748
Tara,56.8944,74.371,41.83,92,100,17.72,RU,1634953935
Norman Wells,65.282,-126.8329,41.04,70,20,13.8,CA,1634917502
Makakilo City,21.3469,-158.0858,82.72,58,1,10.36,US,1634920249
Yenagoa,4.9247,6.2642,74.26,93,100,1.21,NG,1634966383
Mago,53.2514,140.1822,38.73,79,79,5.1,RU,1634937595
Uglovka,58.2392,33.5108,40.08,91,100,9.93,RU,1634963980
Innisfail,-17.5333,146.0333,99.88,59,96,10.11,AU,1634931720
Deming,32.2687,-107.7586,66.09,27,1,4.61,US,1634908803
Lüderitz,-26.6481,15.1594,54.68,84,0,8.55,NA,1634962582
Iowa City,41.6611,-91.5302,42.21,88,1,0.0,US,1634905585
Ucluelet,48.9329,-125.5528,53.1,89,98,1.01,CA,1634914436
Road Town,18.4167,-64.6167,83.19,67,4,21.16,VG,1634897656
Conde,-7.2597,-34.9075,78.26,83,75,4.61,BR,1634975665
Grand-Lahou,5.1367,-5.0242,76.75,90,78,6.2,CI,1634969102
Havøysund,70.9963,24.6622,32.88,57,100,11.74,NO,1634969817
Palana,59.1167,159.9667,28.24,88,100,9.62,RU,1634933734
Xining,36.6167,101.7667,49.19,54,21,2.77,CN,1634945235
Shingū,33.7333,135.9833,67.19,36,0,1.79,JP,1634936817
Saldanha,-33.0117,17.9442,55.45,78,84,20.04,ZA,1634961483
Alofi,-19.0595,-169.9187,76.89,57,97,17.27,NU,1634921070
Médéa,36.2642,2.7539,50.45,91,23,2.59,DZ,1634968988
Nanortalik,60.1432,-45.2371,38.41,97,100,9.04,GL,1634983260
Fairview,40.8126,-73.999,60.76,71,20,0.0,US,1634901305
Byron Bay,-28.65,153.6167,89.71,62,0,15.17,AU,1634929245
Henties Bay,-22.116,14.2845,55.85,88,0,7.52,NA,1634963068
Boden,65.8252,21.6886,26.6,91,100,7.25,SE,1634968531
Yei,4.095,30.6779,65.26,95,85,2.53,SS,1634960483
Misratah,32.3754,15.0925,74.16,58,51,12.17,LY,1634965757
Noyabrsk,63.1994,75.4507,32.41,97,100,17.87,RU,1634954900
Termez,37.2242,67.2783,46.49,61,0,6.91,UZ,1634953562
Pisco,-13.7,-76.2167,61.02,82,0,14.97,PE,1634898875
Necochea,-38.5473,-58.7368,52.03,93,100,5.91,AR,1634979437
Mehamn,71.0357,27.8492,32.7,64,100,13.65,NO,1634969070
Melbu,68.5044,14.8297,33.31,51,59,2.04,NO,1634971086
Chimbote,-9.0853,-78.5783,62.15,88,99,7.16,PE,1634899674
Chipinge,-20.1883,32.6236,69.44,47,4,3.18,ZW,1634958779
Ballina,-28.8667,153.5667,89.78,67,0,14.97,AU,1634929243
Thompson,55.7435,-97.8558,30.36,86,75,5.75,CA,1634908628
Inhambane,-23.865,35.3833,71.58,83,20,14.0,MZ,1634957903
Petauke,-14.2426,31.3253,70.66,51,6,4.34,ZM,1634959416
Andrychów,49.855,19.3383,43.38,81,74,11.81,PL,1634966221
Kogon,39.7228,64.5517,40.64,75,0,4.61,UZ,1634954408
Udachny,66.4167,112.4,22.62,88,99,5.41,RU,1634946887
Abhā,18.2164,42.5053,55.65,38,0,0.0,SA,1634958351
Maitum,6.0392,124.4986,82.17,75,100,3.96,PH,1634938061
Grindavik,63.8424,-22.4338,45.07,93,90,6.91,IS,1634978600
Jinchang,38.4953,102.1739,52.9,45,65,5.95,CN,1634945277
Laas,46.6166,10.7002,45.86,73,16,4.7,IT,1634967952
Palmer,42.1584,-72.3287,54.3,60,75,1.99,US,1634901014
Langarūd,37.197,50.1535,55.38,72,0,3.44,IR,1634957673
Pontes e Lacerda,-15.2261,-59.3353,76.78,80,55,3.56,BR,1634894746
Kumul,42.8,93.45,59.76,22,11,4.65,CN,1634947720
Belmonte,-15.8631,-38.8828,75.7,92,98,9.26,BR,1634976173
Severo-Kuril'sk,50.6789,156.125,40.66,81,62,13.4,RU,1634933448
Abu Samrah,35.3029,37.1841,61.63,49,0,2.15,SY,1634960651
Bac Lieu,9.285,105.7244,86.49,66,89,8.14,VN,1634942724
Yulara,-25.2406,130.9889,82.24,23,0,17.27,AU,1634934887
Marzuq,14.4,46.4667,72.01,49,7,3.36,YE,1634957203
Shache,38.4167,77.2406,54.5,19,100,11.9,CN,1634951259
San Rafael,-34.6177,-68.3301,53.65,52,9,4.63,AR,1634982053
Angoche,-16.2325,39.9086,73.42,70,1,4.54,MZ,1634957250
Sandomierz,50.6827,21.749,46.72,77,79,10.0,PL,1634965737
Grand Gaube,-20.0064,57.6608,76.37,81,69,7.0,MU,1634952784
Ormara,25.2088,64.6357,79.43,24,0,16.55,PK,1634953421
Margate,51.3813,1.3862,49.03,87,12,1.01,GB,1634970713
Kaitangata,-46.2817,169.8464,59.65,62,96,7.54,NZ,1634923893
Salalah,17.0151,54.0924,73.49,78,0,4.61,OM,1634955506
Atar,20.5169,-13.0499,75.65,22,100,6.89,MR,1634971810
Yefremov,53.1481,38.0992,41.14,70,8,12.53,RU,1634962113
Ust-Maya,60.4167,134.5333,30.61,75,100,4.61,RU,1634940092
Zuwārah,32.9312,12.082,76.8,46,2,8.05,LY,1634966517
Lodwar,3.1191,35.5973,84.6,43,95,12.86,KE,1634959255
Penzance,50.1186,-5.5371,54.28,70,94,15.12,GB,1634972228
Klaksvík,62.2266,-6.589,47.32,93,100,29.64,FO,1634974404
Linhares,-19.3911,-40.0722,69.03,87,99,3.0,BR,1634976264
Garmsār,35.2182,52.3409,57.15,34,0,3.53,IR,1634957006
Yanta,36.2411,115.6672,60.82,38,84,4.38,CN,1634941870
Bilma,18.6853,12.9164,77.34,19,3,7.83,NE,1634965479
San Quintín,30.4833,-115.95,63.05,86,4,12.82,MX,1634910657
Tocopilla,-22.092,-70.1979,59.85,71,20,4.47,CL,1634983335
Ahipara,-35.1667,173.1667,60.82,95,100,19.37,NZ,1634924100
Atasū,48.6814,71.6433,36.5,96,100,20.0,KZ,1634953524
Spokane,47.6166,-117.3677,48.61,90,90,1.99,US,1634912333
Waingapu,-9.6567,120.2641,90.18,50,49,9.31,ID,1634938313
São Domingos,-13.3983,-46.3183,71.73,82,92,3.0,BR,1634978088
Constantine,36.365,6.6147,54.81,58,0,2.3,DZ,1634968069
Tczew,54.0924,18.7779,45.84,80,57,16.11,PL,1634966883
Winchester,51.0651,-1.3187,49.46,84,90,1.14,GB,1634971325
Arvika,59.6553,12.5852,38.01,81,62,3.2,SE,1634969265
Fortuna,40.5982,-124.1573,56.35,71,90,5.99,US,1634913336
Kununurra,-15.7667,128.7333,100.38,34,6,8.05,AU,1634935966
Redcliffe,-27.2307,153.0973,91.47,62,20,19.57,AU,1634929461
Broome,42.2506,-75.833,42.6,79,1,1.99,US,1634901863
Ambanja,-13.6833,48.45,73.33,78,15,1.23,MG,1634955337
Mumford,5.2618,-0.759,76.42,89,93,5.66,GH,1634968085
Kirakira,-10.4544,161.9205,85.35,63,7,8.21,SB,1634928278
Yelizovo,53.1873,158.3805,42.94,61,75,2.24,RU,1634933213
Krasnosel'kup,65.7,82.4667,29.14,91,98,17.6,RU,1634953873
Nakatsu,33.5981,131.1883,68.18,45,29,9.84,JP,1634937960
Tezu,27.9167,96.1667,81.23,57,0,3.36,IN,1634946010
At-Bashi,41.1702,75.8106,26.2,50,58,1.81,KG,1634951820
Bengkulu,-3.8004,102.2655,83.57,69,97,3.91,ID,1634942921
Nouadhibou,20.931,-17.0347,69.57,80,42,17.76,MR,1634972789
Bharatpur,27.2167,77.4833,79.38,49,0,8.14,IN,1634950454
Pachino,36.7186,15.0907,71.64,88,13,2.42,IT,1634966059
Solano,38.2333,-121.9511,60.3,84,75,14.97,US,1634912624
Tazovsky,67.4667,78.7,24.35,95,93,4.63,RU,1634955339
Faanui,-16.4833,-151.75,78.13,79,75,12.95,PF,1634916851
Naze,28.3667,129.4833,72.52,57,92,15.26,JP,1634938037
Gwadar,25.1216,62.3254,79.07,35,2,5.3,PK,1634953971
Souillac,-20.5167,57.5167,76.35,94,75,16.11,MU,1634952789
Saint George,37.1041,-113.5841,69.35,28,1,8.99,US,1634910531
Wad Rāwah,15.1603,33.1397,83.79,37,51,7.61,SD,1634960440
Marquette,46.5333,-87.6335,39.34,88,94,5.79,US,1634905082
Longyan,25.1072,117.0225,57.29,96,100,3.4,CN,1634940838
Merauke,-8.4667,140.3333,86.41,63,89,14.72,ID,1634933557
Port Hardy,50.6996,-127.4199,50.0,93,90,5.75,CA,1634915080
The Valley,18.217,-63.0578,83.1,69,3,20.27,AI,1634897271
Mt. Pleasant,32.7941,-79.8626,73.0,95,20,4.0,US,1634902139
Samfya,-11.3649,29.5565,71.38,59,30,1.48,ZM,1634959990
Orangeburg,33.4918,-80.8557,62.37,86,1,0.0,US,1634902423
Tataouine,32.9297,10.4518,68.88,66,53,2.28,TN,1634966908
De Aar,-30.6497,24.0123,52.75,53,48,15.19,ZA,1634960195
Cayenne,4.9333,-52.3333,77.09,89,75,0.0,GF,1634980447
Vitim,59.4511,112.5578,43.47,63,71,10.2,RU,1634945193
Basoko,1.2391,23.616,68.16,95,97,2.21,CD,1634962039
Nara,34.6851,135.8049,65.97,42,24,14.09,JP,1634936925
Harper,4.375,-7.7169,76.93,87,79,7.58,LR,1634969711
Cabatuan,10.8794,122.486,82.63,81,79,11.86,PH,1634938780
Walvis Bay,-22.9575,14.5053,56.08,87,0,4.61,NA,1634962965
Porto Velho,-8.7619,-63.9039,77.05,88,0,3.44,BR,1634896169
Hearst,49.6835,-83.6665,35.85,98,100,5.97,CA,1634904453
Basco,20.4487,121.9702,79.59,82,92,23.89,PH,1634939393
Armação de Pêra,37.1026,-8.357,66.11,51,0,11.12,PT,1634971718
Tynda,55.1667,124.7167,44.28,53,27,4.74,RU,1634941574
Rincon,32.296,-81.2354,73.85,95,20,0.0,US,1634902436
Portland,45.5234,-122.6762,54.32,92,40,1.99,US,1634913404
Acaraú,-2.8856,-40.12,78.51,84,88,7.94,BR,1634977133
Cap-aux-Meules,47.3821,-61.8597,59.02,94,90,12.66,CA,1634985462
Rock Falls,41.7798,-89.689,43.14,83,1,3.44,US,1634905152
Nishihara,26.1842,127.7558,76.68,57,75,10.36,JP,1634938323
Ostrovnoy,68.0531,39.5131,33.75,67,100,22.15,RU,1634964976
Bintulu,3.1667,113.0333,86.41,70,20,3.44,MY,1634940674
Kazanskaya,45.4106,40.4361,48.85,65,0,7.16,RU,1634960692
Yairipok,24.6667,94.0667,66.06,58,1,0.45,IN,1634946324
Yar-Sale,66.8333,70.8333,26.8,91,72,9.98,RU,1634957020
Aklavik,68.2191,-135.0107,29.23,86,100,11.5,CA,1634920400
Tucupita,9.0622,-62.051,73.24,99,100,2.28,VE,1634896577
Promissão,-21.5367,-49.8581,68.97,43,0,4.68,BR,1634978488
Pahrump,36.2083,-115.9839,73.45,19,85,5.99,US,1634911044
Biu,10.6129,12.1946,72.86,70,69,3.0,NG,1634965239
Opuwo,-18.0607,13.84,59.02,31,11,3.38,NA,1634963405
Clyde River,70.4692,-68.5914,21.33,78,100,6.02,CA,1634905331
Zhicheng,30.2956,111.5047,64.74,44,6,4.12,CN,1634942473
Kalmunai,7.4167,81.8167,84.99,67,17,2.53,LK,1634948371
Sioux Lookout,50.1001,-91.917,35.98,93,75,3.44,CA,1634906481
Tuy Hoa,13.0833,109.3,78.03,90,100,8.3,VN,1634942054
Benguela,-12.5763,13.4055,73.74,77,91,2.62,AO,1634963802
Kropotkin,45.4375,40.5756,49.55,64,0,7.07,RU,1634960661
Botou,38.0667,116.5667,59.83,32,59,4.32,CN,1634941788
Mizdah,31.4451,12.9801,68.77,39,87,7.85,LY,1634966204
Makkah al Mukarramah,21.4267,39.8261,81.01,38,28,0.72,SA,1634959166
Ternate,0.8,127.4,84.52,69,73,6.44,ID,1634937112
Sanmenxia,34.7747,111.1814,57.76,59,100,11.34,CN,1634942844
Kaputa,-8.4689,29.6619,72.7,70,100,3.62,ZM,1634960111
Oistins,13.0667,-59.5333,82.49,69,20,24.16,BB,1634896167
Avera,33.194,-82.5271,63.72,73,37,6.73,US,1634902804
Inuvik,68.3499,-133.7218,33.01,100,90,3.44,CA,1634920138
Port-Gentil,-0.7193,8.7815,78.26,82,100,12.73,GA,1634965504
Achacachi,-16.05,-68.6833,45.79,79,61,2.82,BO,1634896946
Lebanon,36.2081,-86.2911,55.45,78,90,0.0,US,1634903913
Dimāpur,25.9,93.7333,78.78,65,6,3.44,IN,1634946475
Sterling,39.0062,-77.4286,59.9,84,90,0.0,US,1634901989
Saurimo,-9.6608,20.3916,63.45,98,30,2.17,AO,1634962276
Arrondissement d'Arcachon,44.5875,-1.0519,44.92,93,0,4.61,FR,1634970581
Kem',64.9555,34.5793,35.01,72,100,21.07,RU,1634965181
Hervey Bay,-25.2986,152.8535,84.31,83,3,20.83,AU,1634929639
Kouqian,43.6391,126.4578,52.39,38,0,8.66,CN,1634939865
General Roca,-39.0333,-67.5833,56.62,28,0,16.67,AR,1634981516
Superior,46.7208,-92.1041,41.97,80,90,0.0,US,1634906174
Codrington,-38.2667,141.9667,56.75,71,63,14.07,AU,1634931335
Ulaanbaatar,47.9077,106.8832,39.33,33,0,2.24,MN,1634944976
Hualmay,-11.0964,-77.6139,62.2,85,42,9.93,PE,1634899342
Vestmanna,62.1564,-7.1664,45.52,100,90,19.57,FO,1634974527
Nome,64.5011,-165.4064,35.67,69,90,19.57,US,1634926570
Sabha,27.0377,14.4283,73.09,28,54,18.03,LY,1634965583
Brae,60.3964,-1.353,44.51,71,97,9.64,GB,1634972759
Batemans Bay,-35.7167,150.1833,85.98,59,55,9.89,AU,1634929569
Bonthe,7.5264,-12.505,76.41,88,99,2.68,SL,1634971015
Vrangel',42.7297,133.0839,53.89,42,0,10.74,RU,1634938194
Nizhniy Tsasuchey,50.5167,115.1333,48.52,36,0,1.77,RU,1634943279
Kaka,37.3482,59.6143,50.04,27,0,11.25,TM,1634955412
Beringovskiy,63.05,179.3167,15.62,80,100,12.77,RU,1634929886
Port Lincoln,-34.7333,135.8667,60.46,53,7,17.34,AU,1634933077
Mana,5.6592,-53.7767,78.31,88,98,10.54,GF,1634980829
Klyuchi,52.2667,79.1667,40.5,57,95,21.92,RU,1634952132
Tūkrah,32.5341,20.5791,69.24,54,38,9.28,LY,1634964450
Vanderhoof,54.0166,-124.0198,43.11,74,40,2.64,CA,1634914674
Alenquer,-1.9417,-54.7383,75.54,94,99,2.08,BR,1634980687
Cap Malheureux,-19.9842,57.6142,76.46,81,70,7.0,MU,1634952796
Kitimat,54.0524,-128.6534,44.98,28,100,0.09,CA,1634915793
Mpanda,-6.3655,31.0409,70.07,64,36,1.9,TZ,1634959886
Sabancuy,18.9667,-91.1833,77.81,85,100,4.56,MX,1634904062
Dongsheng,39.8161,109.9776,48.07,42,33,16.35,CN,1634943504
Presidencia Roque Sáenz Peña,-26.7852,-60.4388,73.81,50,44,8.97,AR,1634980706
Deer Lake,49.1667,-57.4316,49.86,93,75,6.91,CA,1634984589
Shizuishan,39.2333,106.7694,52.88,47,38,6.38,CN,1634944229
Narnaul,28.0444,76.1083,79.57,42,0,8.99,IN,1634950834
Asheville,35.6009,-82.554,54.55,92,75,8.05,US,1634902973
Mil'kovo,54.7167,158.6167,35.76,80,77,3.94,RU,1634933363
Rosarito,32.3333,-117.0333,61.77,78,31,7.74,MX,1634911035
Bubaque,11.2833,-15.8333,82.87,74,59,9.26,GW,1634972000
Batticaloa,7.7102,81.6924,83.55,71,8,4.94,LK,1634948415
Arrondissement de Vannes,47.8333,-2.5,45.86,86,5,3.2,FR,1634971248
Shakhovskaya,56.0283,35.5097,39.97,83,98,16.69,RU,1634963142
Aloleng,16.1307,119.7824,86.31,66,52,7.02,PH,1634939692
Riyadh,24.6877,46.7219,68.14,31,4,5.57,SA,1634957692
Havelock,34.8791,-76.9013,75.18,90,10,5.01,US,1634901566
Soyo,-6.1349,12.3689,77.14,87,96,4.79,AO,1634964377
Pau Brasil,-15.4642,-39.6511,69.58,98,96,2.33,BR,1634976379
Kologriv,58.8275,44.3178,39.92,77,89,12.33,RU,1634961485
Bud,39.447,-86.1758,51.78,93,98,5.26,US,1634904123
Horsham,51.064,-0.3272,50.5,89,0,2.3,GB,1634971086
Bergen,60.392,5.328,44.65,82,75,10.36,NO,1634971152
Bukachacha,52.9833,116.9167,45.23,46,8,2.75,RU,1634943151
Mogadishu,2.0371,45.3438,80.02,80,36,11.5,SO,1634956864
Gävle,60.6745,17.1417,36.5,77,95,5.99,SE,1634968368
Taoudenni,22.6783,-3.9836,75.54,29,0,5.14,ML,1634969753
Aneza,39.0867,20.9233,62.55,94,51,3.78,GR,1634964836
Werneck,49.9833,10.1,45.01,95,60,3.89,DE,1634968455
Ankang,32.68,109.0172,59.63,61,100,4.18,CN,1634943223
Wanaka,-44.7,169.15,68.11,34,95,1.99,NZ,1634924227
Gushikawa,26.3544,127.8686,76.62,55,75,13.8,JP,1634938306
Tres Arroyos,-38.3739,-60.2798,46.49,95,98,3.42,AR,1634979821
Port-Cartier,50.0334,-66.8654,48.42,93,100,5.17,CA,1634900455
Saint-Joseph,-21.3667,55.6167,80.47,77,18,3.09,RE,1634953196
Jalu,29.0331,21.5482,66.88,46,7,7.56,LY,1634963994
Robertsport,6.7533,-11.3686,76.68,89,100,5.75,LR,1634970704
Ust-Kuyga,70.0167,135.6,-6.34,98,90,2.39,RU,1634942639
College,64.8569,-147.8028,34.59,82,75,0.0,US,1634922430
Erzin,36.9559,36.2,52.32,37,0,2.66,TR,1634961006
Entebbe,0.0644,32.4469,66.9,84,22,4.56,UG,1634959863
Ondarroa,43.3167,-2.4167,53.53,87,43,3.85,ES,1634970794
Kapiri Mposhi,-13.9652,28.6809,66.69,57,4,4.5,ZM,1634960065
Srednekolymsk,67.45,153.6833,-2.2,93,59,0.89,RU,1634937290
Bāfq,31.6128,55.4107,57.79,28,0,0.78,IR,1634956026
Río Gallegos,-51.6226,-69.2181,41.05,56,0,31.07,AR,1634980535
Yerbogachën,61.2767,108.0108,41.13,70,80,11.1,RU,1634946642
Taiyuan,37.8694,112.5603,55.26,38,0,2.24,CN,1634942735
Mitsamiouli,-11.3847,43.2844,77.54,73,87,9.08,KM,1634956695
Balikpapan,-1.2675,116.8289,85.19,74,20,4.61,ID,1634939549
Heinsberg,51.0667,6.0833,48.18,89,55,5.06,DE,1634969546
Bethanien,-26.502,17.1583,46.83,65,0,9.46,NA,1634962112
Surat Thani,9.1667,99.25,90.0,72,20,3.44,TH,1634944273
Namatanai,-3.6667,152.4333,84.11,68,94,9.6,PG,1634930889
Jasper,37.2001,-94.3502,62.35,71,22,8.77,US,1634905919
Olafsvik,64.8945,-23.7142,45.84,92,100,7.58,IS,1634979186
Tomatlán,19.9333,-105.25,75.72,96,76,1.92,MX,1634907489
Sinjai,-5.1241,120.253,89.8,55,47,9.89,ID,1634938540
Husavik,66.0449,-17.3389,31.91,92,100,10.04,IS,1634977986
Whitefish,48.4111,-114.3376,49.5,92,90,4.61,US,1634911686
Brigantine,39.4101,-74.3646,60.03,83,1,0.0,US,1634901283
Ulaangom,49.9811,92.0667,41.5,47,100,1.74,MN,1634948760
San Lazaro,18.0387,-88.6622,73.2,97,100,1.21,BZ,1634903409
Dubbo,-32.25,148.6167,87.93,37,59,6.91,AU,1634930200
Gornyak,50.9942,81.4661,40.21,46,86,21.74,RU,1634951424
Hackettstown,40.854,-74.8291,56.05,84,98,0.0,US,1634901508
Te Anau,-45.4167,167.7167,63.93,48,100,2.46,NZ,1634924496
Galveston,29.3669,-94.9669,78.91,83,25,10.09,US,1634905551
Paita,-5.0892,-81.1144,66.22,84,100,10.78,PE,1634900477
Dunajská Streda,47.9927,17.6121,49.01,69,70,10.16,SK,1634966433
Omboué,-1.5746,9.2618,76.33,87,100,7.27,GA,1634965347
Paso de Carrasco,-34.8603,-56.0522,59.14,100,90,11.5,UY,1634979091
Matale,7.4721,80.6234,82.53,71,42,2.51,LK,1634948660
Yichang,30.7144,111.2847,66.76,41,54,2.93,CN,1634942552
Kwinana,-32.25,115.7667,77.31,49,1,8.34,AU,1634938078
Egvekinot,66.3167,-179.1667,11.1,83,100,8.99,RU,1635017004
Oktyabr'skiy,54.4815,53.471,45.91,93,29,12.95,RU,1634958600
Severnoye,56.3491,78.3619,39.11,93,100,20.45,RU,1634952891
Raudeberg,61.9875,5.1352,41.67,57,97,10.16,NO,1634971531
Ishigaki,24.3448,124.1572,73.53,78,75,20.71,JP,1634939082
Entre Rios,-11.9419,-38.0844,71.4,99,41,1.41,BR,1634976189
Mahenge,-8.6833,36.7167,63.86,82,51,2.13,TZ,1634958408
Richards Bay,-28.783,32.0377,68.09,83,2,3.22,ZA,1634958396
Esperance,-33.8667,121.9,64.24,50,11,12.5,AU,1634936491
Pochutla,15.7432,-96.4661,74.82,91,100,3.51,MX,1634905165
Muroto-misakicho,33.2833,134.15,68.04,44,0,6.71,JP,1634937227
Maneromango,-7.1988,38.7848,69.37,87,53,1.86,TZ,1634957986
Bellview,30.4616,-87.315,71.74,75,20,0.0,US,1634903780
Honningsvåg,70.9821,25.9704,36.01,55,100,14.67,NO,1634969495
Øksfjord,70.2396,22.3479,32.92,90,100,4.92,NO,1634970007
Listvyanskiy,54.4399,83.4984,38.19,56,69,23.22,RU,1634951377
Moose Factory,51.2585,-80.6094,35.6,87,90,12.66,CA,1634903897
Bonga,7.2833,36.2333,57.04,77,67,1.72,ET,1634959305
Maceió,-9.6658,-35.7353,78.24,94,0,3.44,BR,1634975742
Noumea,-22.2763,166.4572,82.38,79,11,9.6,NC,1634926556
Tiznit Province,29.5833,-9.5,59.16,75,0,1.92,MA,1634971483
Provincia di Imperia,43.9667,7.7833,57.42,61,0,7.54,IT,1634968402
Kudahuvadhoo,2.6708,72.8944,82.56,72,27,12.21,MV,1634950283
Presidente Médici,-11.1753,-61.9014,75.22,87,97,4.83,BR,1634895569
Kampot,10.6167,104.1833,84.25,76,84,7.02,KH,1634943160
Sarakhs,36.5449,61.1577,37.54,60,0,4.61,IR,1634954983
Poum,-20.2333,164.0167,75.51,77,4,18.05,NC,1634927257
Qaqortoq,60.7167,-46.0333,37.9,98,100,3.22,GL,1634983566
Bara,10.3744,10.7288,75.18,79,81,5.46,NG,1634965579
Bam,29.106,58.357,63.64,22,0,6.55,IR,1634955160
Sabang,5.8933,95.3214,82.2,71,99,4.32,ID,1634945056
Nakhon Phanom,17.3333,104.4167,78.6,60,93,7.09,TH,1634943442
Coyhaique,-45.5752,-72.0662,46.35,61,20,6.91,CL,1634981960
Miyako,39.6367,141.9525,53.11,53,80,12.84,JP,1634935811
Sūsangerd,31.5608,48.1831,64.42,24,0,7.81,IR,1634957758
Sibu,2.3,111.8167,86.31,74,40,3.0,MY,1634940924
Vila Velha,-20.3297,-40.2925,67.95,94,40,3.44,BR,1634976263
Quilmaná,-12.95,-76.3833,64.17,79,50,2.64,PE,1634898954
Wilmington,34.2257,-77.9447,72.86,87,1,8.05,US,1634901772
Kosonsoy,41.2561,71.5508,41.56,44,8,5.64,UZ,1634952850
San Vicente,-26.6167,-54.1333,60.94,75,20,3.27,AR,1634979204
Yantal',56.8471,105.2542,43.45,55,100,7.63,RU,1634946505
Bambous Virieux,-20.3428,57.7575,76.21,94,75,16.11,MU,1634952741
Tuscaloosa,33.2098,-87.5692,56.97,97,1,0.0,US,1634904016
Narsaq,60.9167,-46.05,36.36,99,100,1.36,GL,1634983611
Püssi,59.36,27.0497,37.9,94,100,12.44,EE,1634965733
Yeppoon,-23.1333,150.7333,94.78,49,3,10.92,AU,1634930277
Lufilufi,-13.8745,-171.5986,83.98,72,60,19.89,WS,1635008120
Manacapuru,-3.2997,-60.6206,77.58,74,25,3.71,BR,1634895645
Mopipi,-21.1833,24.8833,75.51,37,31,6.22,BW,1634960579
Umluj,25.0213,37.2685,77.22,56,0,10.2,SA,1634959981
Carndonagh,55.25,-7.2667,46.72,83,100,12.35,IE,1634973307
Rocha,-34.4833,-54.3333,57.18,87,100,2.73,UY,1634978707
Binzhou,37.3667,118.0167,59.74,37,72,4.25,CN,1634941387
Jasmine Estates,28.2931,-82.6901,77.0,90,0,4.99,US,1634902538
Bozova,37.3625,38.5267,59.92,29,0,2.84,TR,1634960478
Gubbio,43.3545,12.5725,53.62,88,100,1.59,IT,1634967196
Laguna,38.421,-121.4238,61.29,78,1,3.0,US,1634912511
Fier,40.7239,19.5561,62.76,76,100,5.91,AL,1634965295
Abomey,7.1829,1.9912,72.14,96,100,3.49,BJ,1634967519
Agadez,19.75,10.25,77.07,19,0,6.73,NE,1634966175
Karligan,14.975,122.0456,82.69,79,100,15.41,PH,1634939090
Ulundi,-28.3352,31.4162,65.64,69,2,3.24,ZA,1634958574
Coahuayana Viejo,18.7333,-103.6833,77.5,92,100,3.51,MX,1634907051
Caucaia,-3.7361,-38.6531,81.03,78,40,6.91,BR,1634976739
Ponta do Sol,32.6667,-17.1,68.63,65,28,8.5,PT,1634973507
Kruisfontein,-34.0033,24.7314,60.89,67,100,7.36,ZA,1634959783
Atbasar,51.8,68.3333,41.92,73,76,21.16,KZ,1634954677
Mossamedes,-15.1961,12.1522,64.27,67,37,8.12,AO,1634963965
Kholtoson,50.2981,103.3097,43.7,32,8,2.95,RU,1634946095
Rio Claro,-22.4114,-47.5614,62.42,59,0,2.53,BR,1634977886
Hirara,24.8,125.2833,75.47,64,75,13.8,JP,1634938837
Constitución,-35.3333,-72.4167,50.13,73,2,10.85,CL,1634982978
Itarema,-2.9248,-39.9167,78.46,85,85,8.37,BR,1634977082
Ghidigeni,46.05,27.5,50.9,72,100,4.83,RO,1634963861
Anadyr,64.75,177.4833,10.9,79,40,11.18,RU,1634930751
Adeje,28.1227,-16.726,71.94,69,75,13.8,ES,1634973128
Mahanoro,-19.9,48.8,75.13,75,69,1.01,MG,1634954915
Pontianak,-0.0333,109.3333,85.98,70,20,3.44,ID,1634941407
Makat,47.6469,53.3463,54.41,91,51,14.52,KZ,1634957811
Santa Rosa,14.3122,121.1114,90.1,68,80,13.11,PH,1634939281
Mulegé,26.8833,-111.9833,76.96,51,0,3.36,MX,1634909489
Charcas,23.1333,-101.1167,59.25,81,39,7.14,MX,1634906669
Kolomyia,48.5306,25.0403,47.61,73,68,8.52,UA,1634964705
Geraldton,-28.7667,114.6,79.21,36,0,13.8,AU,1634938595
Colônia Leopoldina,-8.9089,-35.725,76.82,93,42,2.15,BR,1634975778
Adrar,20.5022,-10.0711,70.43,22,55,7.38,MR,1634971094
Wagar,16.1525,36.2032,78.21,56,7,9.71,SD,1634959756
Pindiga,9.9833,10.9333,71.89,90,100,5.48,NG,1634965510
Osterburg,52.7833,11.7667,45.5,88,44,14.34,DE,1634968394
Abu Dhabi,24.4667,54.3667,82.42,78,40,4.61,AE,1634955844
Muhafazat Lahij,13.1667,44.5833,76.01,78,43,4.61,YE,1634957592
Ostrov,57.3439,28.3537,35.33,86,87,12.24,RU,1634965069
Tubualá,9.5167,-79.0333,78.33,87,19,6.08,PA,1634900675
Mamakan,57.8161,114.0028,40.71,59,76,1.36,RU,1634944559
Tornio,65.8481,24.1466,24.82,87,100,13.24,FI,1634967947
Wajir,1.7471,40.0573,76.23,65,63,11.86,KE,1634958118
Kokopo,-4.352,152.2633,85.57,60,91,12.17,PG,1634930897
Muravlenko,63.7898,74.523,31.64,98,100,14.99,RU,1634955268
Waipawa,-41.4122,175.5153,60.3,61,99,12.91,NZ,1634923018
Ambulu,-8.345,113.6058,88.29,57,100,6.31,ID,1634939976
Anaco,9.4389,-64.4728,72.48,85,58,11.32,VE,1634897176
Garissa,-0.4536,39.6401,75.36,77,30,11.77,KE,1634958112
Bundaberg,-24.85,152.35,84.49,73,40,13.0,AU,1634929787
Tsimmerbude,54.675,20.1347,42.85,75,54,19.91,RU,1634966638
Marsá Maţrūḩ,31.3525,27.2453,66.4,66,0,4.12,EG,1634962772
Goderich,43.7501,-81.7165,37.72,87,100,4.61,CA,1634903404
Saint-François,46.4154,3.9054,36.68,100,90,2.3,FR,1634969565
Al Bardīyah,31.7561,25.0865,65.07,72,0,1.36,LY,1634963317
Roebourne,-20.7833,117.1333,95.76,20,7,14.18,AU,1634938473
Griffith,41.5284,-87.4237,49.91,90,90,0.0,US,1634904587
Verkhnevilyuysk,63.4453,120.3167,35.87,82,82,8.25,RU,1634944169
Huangmei,30.1924,116.025,65.52,44,0,10.4,CN,1634941381
Port Moresby,-9.4431,147.1797,89.02,62,40,17.27,PG,1634931866
Muros,42.7762,-9.0603,48.7,94,11,5.1,ES,1634972342
Acajutla,13.5928,-89.8275,79.03,85,94,6.55,SV,1634903464
Gravdal,68.1214,13.5031,37.62,53,70,5.5,NO,1634971261
Neepawa,50.2289,-99.4664,37.8,93,100,5.19,CA,1634908310
Zheleznogorsk-Ilimskiy,56.5768,104.1217,42.66,59,92,7.76,RU,1634946735
Smithers,54.7804,-127.1743,46.72,61,90,5.75,CA,1634915537
Yumen,40.2833,97.2,52.65,22,0,18.59,CN,1634946611
Pandan,14.0453,124.1694,77.31,93,100,11.48,PH,1634938533
Namtsy,62.7161,129.6658,28.51,95,100,6.24,RU,1634941749
Roald,62.5833,6.1333,42.94,65,20,3.44,NO,1634971426
Plouzané,48.3833,-4.6167,42.85,97,0,5.75,FR,1634971814
Ouallam,14.3188,2.0866,86.05,44,66,8.93,NE,1634967851
Grand-Santi,4.25,-54.3833,73.26,97,100,1.19,GF,1634980905
Honolulu,21.3069,-157.8583,84.02,63,40,14.97,US,1634920192
Kokoda,-8.8785,147.7407,89.31,42,98,6.35,PG,1634931759
Ciudad Bolivar,8.1222,-63.5497,74.97,92,100,9.71,VE,1634896891
Asău,46.4333,26.4,54.75,77,100,3.8,RO,1634964163
Caconda,-13.7333,15.0667,62.82,68,24,4.05,AO,1634963343
San Juan Bautista,-14.0108,-75.7358,56.03,60,19,3.27,PE,1634898744
Mayo,38.8876,-76.5119,60.13,84,100,6.22,US,1634901759
Touros,-5.1989,-35.4608,81.5,81,26,8.68,BR,1634975901
Whitehorse,60.7161,-135.0538,41.77,80,75,18.99,CA,1634918413
Nyrob,60.733,56.7202,40.51,89,79,6.78,RU,1634958864
Palauig,15.435,119.9045,86.16,67,94,7.25,PH,1634939627
Kiunga,-6.1219,141.2906,92.95,43,64,4.47,PG,1634933443
Tshane,-24.0196,21.8684,60.03,21,0,10.22,BW,1634961135
Wamba,8.9333,8.6,70.86,97,100,1.63,NG,1634966019
Fes,34.0372,-4.9998,55.65,82,0,4.61,MA,1634970694
Hennenman,-27.9765,27.0242,53.6,37,0,3.04,ZA,1634959651
Pangody,65.85,74.4859,27.25,95,88,11.68,RU,1634955837
Bay Roberts,47.5999,-53.2648,53.51,91,100,1.99,CA,1634983420
Baykit,61.67,96.37,35.76,75,96,13.15,RU,1634949524
San Policarpo,12.1791,125.5072,78.94,88,100,6.64,PH,1634938119
Tolaga Bay,-38.3667,178.3,56.3,66,100,13.87,NZ,1634922615
Sept-Îles,50.2001,-66.3821,48.72,98,90,5.75,CA,1634900357
Babu,24.4167,111.5167,58.33,76,100,4.47,CN,1634942120
São João da Barra,-21.6403,-41.0511,68.79,82,9,6.44,BR,1634976369
Saijō,33.9167,133.1833,67.98,50,19,6.22,JP,1634937502
Andilamena,-17.0167,48.5833,69.33,75,24,2.73,MG,1634955127
Hodal,27.9,77.3667,79.88,47,0,6.13,IN,1634950523
Skellefteå,64.7507,20.9528,27.0,68,90,11.5,SE,1634968403
Elmadağ,39.9208,33.2308,47.34,40,29,1.03,TR,1634961946
Kānker,20.2719,81.4931,78.17,45,3,3.27,IN,1634949100
Lewistown,40.5992,-77.5714,55.9,100,75,0.0,US,1634902146
Berlevåg,70.8578,29.0864,33.6,63,100,16.49,NO,1634968682
Rio Grande,-32.035,-52.0986,55.94,87,13,8.32,BR,1634978352
Diamantino,-14.4086,-56.4461,74.82,87,61,4.99,BR,1634894095
St. George's,12.0564,-61.7485,76.68,94,75,17.27,GD,1634896649
Måløy,61.9353,5.1136,42.53,58,97,10.25,NO,1634971525
Mananjary,-21.2167,48.3333,72.91,84,100,5.03,MG,1634954952
Kutum,14.2,24.6667,73.26,27,41,13.6,SD,1634962425
Salamiyah,35.0113,37.0532,60.62,58,3,3.2,SY,1634960662
Manyana,-23.4,21.7167,58.24,21,0,8.3,BW,1634961209
Alès,44.1333,4.0833,49.28,64,0,7.2,FR,1634969306
Anajatuba,-3.2644,-44.6197,74.64,96,89,3.09,BR,1634978194
Akdepe,42.0551,59.3788,41.0,33,2,11.5,TM,1634955841
Lodja,-3.4833,23.4333,67.64,99,95,0.83,CD,1634961853
Athens,37.9795,23.7162,66.16,84,0,1.01,GR,1634964081
Neyshabur,36.2133,58.7958,50.58,19,0,0.87,IR,1634955526
Halifax,44.6453,-63.5724,62.69,93,100,3.0,CA,1634985605
Valverde del Camino,37.5751,-6.7543,58.03,50,0,5.79,ES,1634971368
Odesa,46.4775,30.7326,53.53,87,0,0.0,UA,1634963126
Manicoré,-5.8092,-61.3003,76.41,74,36,2.42,BR,1634895688
Emerald,-23.5333,148.1667,99.34,25,11,17.27,AU,1634930869
Port Macquarie,-31.4333,152.9167,84.16,71,17,10.87,AU,1634929226
Watsa,3.0372,29.5355,61.88,98,93,2.39,CD,1634960706
Shumskiy,54.8318,99.1328,41.45,72,100,6.29,RU,1634947675
Synya,65.3718,58.0387,34.29,98,100,9.57,RU,1634959655
Adela,12.4416,120.9729,86.43,67,65,5.06,PH,1634939220
Shelby,35.2001,-89.8668,54.43,91,1,0.0,US,1634904702
Buraidah,26.326,43.975,66.65,34,0,5.23,SA,1634958447
Zhangaözen,43.3,52.8,47.48,36,0,12.39,KZ,1634957529
Koslan,63.4564,48.8989,31.14,97,100,8.08,RU,1634961348
Weston,26.1004,-80.3998,78.01,92,40,8.05,US,1634901861
Sakakah,29.9697,40.2064,67.57,37,2,8.77,SA,1634959572
Calvinia,-31.4707,19.776,46.22,93,100,13.8,ZA,1634961154
Aban,56.67,96.06,41.27,57,94,13.6,RU,1634948687
Luba,3.4568,8.5547,75.09,84,100,3.09,GQ,1634965762
Santa Maria,-29.6842,-53.8069,63.7,88,0,9.22,BR,1634978925
Florianópolis,-27.6146,-48.5012,66.38,87,75,1.01,BR,1634977789
Yinchuan,38.4681,106.2731,53.42,46,39,2.75,CN,1634944290
Bulgan,48.8125,103.5347,42.93,32,1,2.28,MN,1634945876
Shahrud,36.4182,54.9763,50.32,29,0,3.67,IR,1634956458
Caruaru,-8.2833,-35.9761,67.41,97,15,2.46,BR,1634975870
Aktash,50.3,87.7333,28.04,68,92,4.03,RU,1634949838
Denpasar,-8.65,115.2167,85.71,70,20,11.5,ID,1634939574
Hanzhong,33.0728,107.0303,54.7,77,100,2.98,CN,1634943726
Dryden,49.7833,-92.7503,35.89,93,40,4.61,CA,1634906647
Mpongwe,-13.5091,28.155,66.54,55,3,3.62,ZM,1634960215
La Primavera,5.4906,-70.4092,77.74,78,72,3.67,CO,1634898412
Tarakan,3.3,117.6333,83.7,74,75,5.75,ID,1634939576
Kursk,51.7303,36.1939,44.74,60,0,8.95,RU,1634962391
Kapuskasing,49.4169,-82.4331,32.09,93,90,8.05,CA,1634904128
Haines Junction,60.7522,-137.5108,33.75,93,100,1.14,CA,1634919011
Shimoda,34.6667,138.95,66.56,68,78,5.41,JP,1634936168
Isla Mujeres,21.2311,-86.731,78.17,79,87,10.29,MX,1634903112
Khilok,51.3674,110.4676,47.41,33,0,3.89,RU,1634944500
Toora-Khem,52.4675,96.11,37.31,60,92,1.88,RU,1634948085
Obo,5.3998,26.4869,67.46,97,94,1.25,CF,1634961552
Sibolga,1.7427,98.7792,84.43,67,85,4.81,ID,1634944026
Ponta Delgada,37.7333,-25.6667,66.92,94,75,5.75,PT,1634975922
Woodward,36.4337,-99.3904,70.83,79,1,11.5,US,1634907075
Sambava,-14.2667,50.1667,76.95,79,18,3.89,MG,1634954894
Thinadhoo,0.5333,72.9333,83.46,69,71,13.38,MV,1634950170
Rey Bouba,8.6724,14.1786,72.12,94,83,3.11,CM,1634964667
Elizabethtown,37.694,-85.8591,54.66,89,90,0.0,US,1634903916
Karratha,-20.7377,116.8463,96.12,19,13,16.69,AU,1634938544
Carquefou,47.2982,-1.4902,39.27,100,2,2.3,FR,1634970950
Los Llanos de Aridane,28.6585,-17.9182,64.15,84,75,3.0,ES,1634973447
Aykhal,66.0,111.5,27.99,94,100,7.72,RU,1634946977
Hammerfest,70.6634,23.6821,32.45,55,90,4.61,NO,1634969887
Pemangkat,1.1667,108.9667,83.73,67,42,2.95,ID,1634941553
Savonlinna,61.8699,28.88,33.85,93,90,14.97,FI,1634965796
Flinders,-34.5833,150.8552,88.81,65,70,4.0,AU,1634929494
Marrakesh,31.6315,-8.0083,57.27,77,20,4.61,MA,1634971256
Karachi,24.9056,67.0822,80.42,78,0,8.05,PK,1634952817
Zarubino,42.63,131.0922,54.63,38,0,12.82,RU,1634938664
Jacareacanga,-6.2222,-57.7528,73.11,98,92,2.42,BR,1634981199
Zhezkazgan,47.8043,67.7144,42.51,50,76,18.81,KZ,1634954376
Kysyl-Syr,63.8986,122.7617,33.39,85,100,10.2,RU,1634943693
Paraúna,-16.9478,-50.4486,76.46,53,72,3.78,BR,1634978889
Croy,46.6946,6.4772,43.12,72,7,6.49,CH,1634968975
Agirish,61.9247,63.0231,40.95,83,98,10.94,RU,1634957598
San Fernando,15.0286,120.6898,90.14,62,99,7.92,PH,1634939418
Fall River,41.7015,-71.1551,58.1,81,1,4.0,US,1634900694
Zabul Province,32.25,67.25,48.6,35,0,3.44,AF,1634953224
Asadābād,34.7824,48.1185,49.03,50,0,2.44,IR,1634957989
Neunkirchen,49.35,7.1833,45.82,94,40,3.44,DE,1634969084
Egersund,58.4513,5.9997,45.82,64,89,15.82,NO,1634970630
Hofn,64.2539,-15.2082,46.65,99,100,8.14,IS,1634976968
Netolice,49.0493,14.197,43.97,83,95,7.58,CZ,1634967366
Rangpur City,25.75,89.25,79.18,67,0,6.69,BD,1634947543
Luena,-11.7833,19.9167,61.39,96,76,2.39,AO,1634962281
Paysandu,-32.3214,-58.0756,66.6,73,86,10.0,UY,1634979764
Pimentel,-6.8367,-79.9342,64.02,88,99,11.7,PE,1634900109
Costineşti,43.95,28.6333,58.01,64,100,7.38,RO,1634963392
Okhotsk,59.3833,143.3,25.09,70,18,12.84,RU,1634937789
Moree,-29.4667,149.85,95.02,29,0,12.66,AU,1634930095
Zigong,29.3416,104.7769,59.9,69,100,3.53,CN,1634944029
Santiago del Estero,-27.7951,-64.2615,79.81,44,30,9.22,AR,1634981558
Departamento de Maldonado,-34.6667,-54.9167,58.39,98,100,5.75,UY,1634978833
Chapais,49.7834,-74.8492,28.18,77,100,2.98,CA,1634902345
Ust'-Ilimsk,58.0006,102.6619,39.06,93,95,6.64,RU,1634947316
Shenkursk,62.1091,42.896,38.14,97,100,9.4,RU,1634962478
Shelburne,44.0787,-80.2041,39.76,91,100,0.89,CA,1634903070
Nuuk,64.1835,-51.7216,27.23,47,0,21.52,GL,1634985732
Peniche,39.3558,-9.3811,62.62,92,20,8.84,PT,1634972136
Khuzhir,53.1939,107.3397,42.44,66,23,2.84,RU,1634945480
Batī,11.1833,40.0167,65.98,58,83,1.9,ET,1634958589
Mount Isa,-20.7333,139.5,94.77,23,98,17.27,AU,1634933110
Maragogi,-9.0122,-35.2225,76.51,86,9,5.86,BR,1634975652
Canary Islands,28.0,-15.5,62.56,88,75,1.99,ES,1634972827
Wolgast,54.05,13.7667,45.86,80,67,20.69,DE,1634968082
Fuzhou,26.0614,119.3061,64.29,83,100,4.09,CN,1634940344
Port Hedland,-20.3167,118.5667,100.45,15,1,16.11,AU,1634938156
Hutang,31.5333,119.4833,66.33,41,3,6.51,CN,1634940635
Degtyarsk,56.704,60.0879,50.32,81,100,16.49,RU,1634957339
Vao,-22.6667,167.4833,73.6,77,0,5.82,NC,1634926287
Unity,52.4501,-109.1682,38.25,52,98,21.83,CA,1634910903
Rolante,-29.6506,-50.5758,65.35,89,2,3.53,BR,1634978152
Kavaratti,10.5669,72.642,82.11,75,49,4.18,IN,1634950728
Maniitsoq,65.4167,-52.9,25.39,49,0,6.29,GL,1634986355
Yenotayevka,47.2456,47.0281,50.5,52,0,8.79,RU,1634959288
Taber,49.8167,-112.1518,55.6,39,100,19.57,CA,1634911312
Aksu,41.1231,80.2644,53.02,56,100,7.78,CN,1634950746
Ekhabi,53.5102,142.9671,40.8,82,98,14.9,RU,1634936960
Novyy Rogachik,48.6768,44.0608,46.18,100,96,8.66,RU,1634960151
Mahajanga,-15.7167,46.3167,69.82,88,20,2.3,MG,1634955741
Kiruna,67.8557,20.2251,14.92,92,90,3.44,SE,1634969546
San Cristobal,7.7669,-72.225,66.38,94,20,1.43,VE,1634898956
Prata,-19.3072,-48.9242,69.64,47,0,4.43,BR,1634978392
Cururupu,-1.8283,-44.8683,74.86,97,91,2.1,BR,1634978324
Jiangkou,25.4872,119.1986,64.29,72,100,15.41,CN,1634940337
Oranjemund,-28.55,16.4333,58.06,78,37,17.56,NA,1634962154
Mazagão,-0.115,-51.2894,78.85,96,74,3.31,BR,1634979949
Bereket,39.2446,55.5154,50.58,28,0,16.37,TM,1634956540
Fort Nelson,58.8053,-122.7002,33.39,93,75,5.75,CA,1634915088
Wewak,-3.5534,143.6268,85.95,64,99,8.39,PG,1634933008
Manzhouli,49.6,117.4333,45.79,39,0,4.81,CN,1634942623
Libreville,0.3925,9.4537,77.02,94,20,4.61,GA,1634965397
La Ronge,55.1001,-105.2842,34.05,75,20,17.27,CA,1634910321
Karla,59.3723,24.9275,37.36,86,90,11.5,EE,1634966245
Ugoofaaru,5.6667,73.0,81.55,77,96,12.59,MV,1634950402
Vieste,41.8825,16.175,59.5,78,33,5.68,IT,1634966204
Freeport,40.6576,-73.5832,61.52,68,75,1.99,US,1634901193
Yurimaguas,-5.9,-76.0833,76.62,76,53,2.26,PE,1634899231
Leh,34.1667,77.5833,37.4,57,99,5.06,IN,1634950871
Magole,-6.3667,37.3667,71.11,79,45,1.79,TZ,1634958368
Jhajjar,28.6063,76.6565,75.31,43,0,2.17,IN,1634950736
Sunbury,-37.5833,144.7333,59.29,81,90,1.01,AU,1634930728
Sola,-13.8833,167.55,86.67,74,75,8.05,VU,1634926752
Kūhdasht,33.535,47.6061,58.62,32,0,3.02,IR,1634958027
Ixtapa,20.7,-105.2,77.65,95,89,1.5,MX,1634907518
Saint-Pierre,-21.3393,55.4781,81.57,74,20,2.3,RE,1634953231
Timrå,62.487,17.3257,31.71,72,75,14.97,SE,1634968712
Caucayá,-0.1934,-74.7819,73.26,95,94,1.88,CO,1634899192
Victor Harbor,-35.5667,138.6167,66.79,62,9,5.01,AU,1634932354
Domodossola,46.1165,8.2931,52.12,49,0,6.04,IT,1634968481
Imeni Poliny Osipenko,52.4201,136.4853,39.79,72,42,7.72,RU,1634938377
Marsh Harbour,26.5412,-77.0636,80.38,74,100,13.13,BS,1634901085
Mount Darwin,-16.7725,31.5838,68.86,52,20,2.17,ZW,1634959218
Maningrida,-12.0667,134.2667,92.46,46,35,12.41,AU,1634934831
Nyurba,63.2842,118.3319,36.81,81,68,6.38,RU,1634944608
Mudon,16.2578,97.7164,79.11,86,99,4.54,MM,1634944995
Kanniyākumāri,8.0833,77.5667,81.84,78,100,9.84,IN,1634949424
Flin Flon,54.7682,-101.865,33.96,79,100,7.09,CA,1634909452
Okha,53.5739,142.9478,41.4,79,97,13.78,RU,1634936973
Sāyla,22.55,71.4667,79.02,54,19,11.36,IN,1634951631
Kaduy,59.2,37.15,41.04,92,100,11.1,RU,1634963275
Zwedru,6.0667,-8.1281,70.79,99,70,1.88,LR,1634969893
